<?xml version="1.0" encoding="UTF-8"?>
<project-private xmlns="http://www.netbeans.org/ns/project-private/1">
    <editor-bookmarks xmlns="http://www.netbeans.org/ns/editor-bookmarks/2" lastBookmarkId="1"/>
    <open-files xmlns="http://www.netbeans.org/ns/projectui-open-files/2">
        <group>
            <file>file:/C:/Users/HP/Documents/NetBeansProjects/atmProject/src/atmproject/Signup2.java</file>
            <file>file:/C:/Users/HP/Documents/NetBeansProjects/atmProject/src/atmproject/conn.java</file>
            <file>file:/C:/Users/HP/Documents/NetBeansProjects/atmProject/src/atmproject/SignUP.java</file>
            <file>file:/C:/Users/HP/Documents/NetBeansProjects/atmProject/src/atmproject/Signup3.java</file>
            <file>file:/C:/Users/HP/Documents/NetBeansProjects/atmProject/src/atmproject/Transactions.java</file>
            <file>file:/C:/Users/HP/Documents/NetBeansProjects/atmProject/src/atmproject/deposit.java</file>
            <file>file:/C:/Users/HP/Documents/NetBeansProjects/atmProject/src/atmproject/FastCash.java</file>
            <file>file:/C:/Users/HP/Documents/NetBeansProjects/atmProject/src/atmproject/Pin.java</file>
            <file>file:/C:/Users/HP/Documents/NetBeansProjects/atmProject/src/atmproject/Login.java</file>
            <file>file:/C:/Users/HP/Documents/NetBeansProjects/atmProject/src/atmproject/Withdrawal.java</file>
        </group>
    </open-files>
</project-private>
